Group 1,Group 2,H,p-value,q-value
Emma (n=4),Tim (n=4),1.3333333333333321,0.2482130789899204,0.2482130789899204
