Group 1,Group 2,H,p-value,q-value
Negative (n=2),Sample (n=6),1.777777777777775,0.1824224394517322,0.1824224394517322
