Group 1,Group 2,H,p-value,q-value
Negative (n=2),Sample (n=6),4.0,0.04550026389635857,0.04550026389635857
