Group 1,Group 2,H,p-value,q-value
VW_C1B (n=2),VW_S5B (n=2),0.5999999999999996,0.43857802608099994,0.43857802608099994
VW_C1B (n=2),VW_S7B (n=2),2.3999999999999986,0.12133525035848367,0.364005751075451
VW_S5B (n=2),VW_S7B (n=2),0.5999999999999996,0.43857802608099994,0.43857802608099994
