Group 1,Group 2,H,p-value,q-value
Emma (n=4),Tim (n=4),0.75,0.3864762307712325,0.3864762307712325
