Group 1,Group 2,Sample size,Permutations,pseudo-F,p-value,q-value
VW_C1B,VW_S5B,4,999,1.4987594831818583,0.334,0.363
VW_C1B,VW_S7B,4,999,1.2057121771991162,0.352,0.363
VW_S5B,VW_S7B,4,999,1.1279674848922387,0.363,0.363
