Group 1,Group 2,H,p-value,q-value
Negative (n=2),Sample (n=6),0.4444444444444464,0.5049850750938447,0.5049850750938447
