Group 1,Group 2,Sample size,Permutations,pseudo-F,p-value,q-value
VW_C1B,VW_S5B,4,999,10.303761736120055,0.313,0.355
VW_C1B,VW_S7B,4,999,17.501597457284443,0.335,0.355
VW_S5B,VW_S7B,4,999,1.7705038530718973,0.355,0.355
