Group 1,Group 2,Sample size,Permutations,pseudo-F,p-value,q-value
VW_C1B,VW_S5B,4,999,16.684599829648928,0.309,0.335
VW_C1B,VW_S7B,4,999,10.608963061111972,0.325,0.335
VW_S5B,VW_S7B,4,999,2.070732924671525,0.335,0.335
