Group 1,Group 2,Sample size,Permutations,pseudo-F,p-value,q-value
VW_C1B,VW_S5B,4,999,2.099854336119556,0.342,0.342
VW_C1B,VW_S7B,4,999,1.5985783565258755,0.323,0.342
VW_S5B,VW_S7B,4,999,1.2471388156569085,0.319,0.342
